Geo_Level,Geo_Unit,Voted,Did_Not_Vote,Not_Eligible_to_Vote,Turnout,Election,Election_Date,Year
Council District,1,4884.0,62505.0,23146.0,0.072,2024 Presidential Primary,04/02/2024,2024
Council District,2,6970.0,65648.0,20694.0,0.096,2024 Presidential Primary,04/02/2024,2024
Council District,3,7865.0,62960.0,21288.0,0.111,2024 Presidential Primary,04/02/2024,2024
Council District,4,7770.0,62686.0,24790.0,0.11,2024 Presidential Primary,04/02/2024,2024
Council District,5,8775.0,62927.0,23342.0,0.122,2024 Presidential Primary,04/02/2024,2024
Council District,6,10762.0,70891.0,21267.0,0.132,2024 Presidential Primary,04/02/2024,2024
Council District,7,8042.0,76358.0,17883.0,0.095,2024 Presidential Primary,04/02/2024,2024
Council District,8,3221.0,69909.0,19021.0,0.044,2024 Presidential Primary,04/02/2024,2024
Council District,9,6514.0,77114.0,17228.0,0.078,2024 Presidential Primary,04/02/2024,2024
Council District,10,5095.0,78818.0,18228.0,0.061,2024 Presidential Primary,04/02/2024,2024
Council District,11,5522.0,61147.0,18309.0,0.083,2024 Presidential Primary,04/02/2024,2024
Council District,12,5709.0,70050.0,16709.0,0.075,2024 Presidential Primary,04/02/2024,2024
Council District,13,3388.0,60361.0,21188.0,0.053,2024 Presidential Primary,04/02/2024,2024
Council District,14,1823.0,58595.0,15591.0,0.03,2024 Presidential Primary,04/02/2024,2024
Council District,15,1806.0,53519.0,15034.0,0.033,2024 Presidential Primary,04/02/2024,2024
Council District,16,2557.0,63752.0,16181.0,0.039,2024 Presidential Primary,04/02/2024,2024
Council District,17,1850.0,62596.0,16848.0,0.029,2024 Presidential Primary,04/02/2024,2024
Council District,18,3067.0,66705.0,18246.0,0.044,2024 Presidential Primary,04/02/2024,2024
Council District,19,4125.0,57752.0,27811.0,0.067,2024 Presidential Primary,04/02/2024,2024
Council District,20,2060.0,43396.0,22219.0,0.045,2024 Presidential Primary,04/02/2024,2024
Council District,21,1702.0,39886.0,14604.0,0.041,2024 Presidential Primary,04/02/2024,2024
Council District,22,5159.0,58761.0,22462.0,0.081,2024 Presidential Primary,04/02/2024,2024
Council District,23,4433.0,65854.0,27691.0,0.063,2024 Presidential Primary,04/02/2024,2024
Council District,24,3361.0,58457.0,23886.0,0.054,2024 Presidential Primary,04/02/2024,2024
Council District,25,3434.0,51877.0,21500.0,0.062,2024 Presidential Primary,04/02/2024,2024
Council District,26,4350.0,55159.0,21737.0,0.073,2024 Presidential Primary,04/02/2024,2024
Council District,27,4340.0,73738.0,18372.0,0.056,2024 Presidential Primary,04/02/2024,2024
Council District,28,3605.0,67009.0,19695.0,0.051,2024 Presidential Primary,04/02/2024,2024
Council District,29,4118.0,59403.0,24573.0,0.065,2024 Presidential Primary,04/02/2024,2024
Council District,30,3281.0,52965.0,26480.0,0.058,2024 Presidential Primary,04/02/2024,2024
Council District,31,3714.0,66330.0,16113.0,0.053,2024 Presidential Primary,04/02/2024,2024
Council District,32,3610.0,60889.0,24718.0,0.056,2024 Presidential Primary,04/02/2024,2024
Council District,33,5090.0,67505.0,18248.0,0.07,2024 Presidential Primary,04/02/2024,2024
Council District,34,3757.0,72361.0,19922.0,0.049,2024 Presidential Primary,04/02/2024,2024
Council District,35,8246.0,82156.0,17494.0,0.091,2024 Presidential Primary,04/02/2024,2024
Council District,36,5666.0,77132.0,16778.0,0.068,2024 Presidential Primary,04/02/2024,2024
Council District,37,2427.0,61036.0,17740.0,0.038,2024 Presidential Primary,04/02/2024,2024
Council District,38,2840.0,49930.0,20057.0,0.054,2024 Presidential Primary,04/02/2024,2024
Council District,39,8891.0,77095.0,18550.0,0.103,2024 Presidential Primary,04/02/2024,2024
Council District,40,6208.0,73410.0,17344.0,0.078,2024 Presidential Primary,04/02/2024,2024
Council District,41,3431.0,69320.0,15332.0,0.047,2024 Presidential Primary,04/02/2024,2024
Council District,42,3517.0,70132.0,16245.0,0.048,2024 Presidential Primary,04/02/2024,2024
Council District,43,1514.0,39002.0,22466.0,0.037,2024 Presidential Primary,04/02/2024,2024
Council District,44,1389.0,53160.0,16845.0,0.025,2024 Presidential Primary,04/02/2024,2024
Council District,45,4495.0,75633.0,17711.0,0.056,2024 Presidential Primary,04/02/2024,2024
Council District,46,3960.0,72882.0,21064.0,0.052,2024 Presidential Primary,04/02/2024,2024
Council District,47,4307.0,58426.0,25488.0,0.069,2024 Presidential Primary,04/02/2024,2024
Council District,48,2758.0,55136.0,27970.0,0.048,2024 Presidential Primary,04/02/2024,2024
Council District,49,3836.0,62996.0,24985.0,0.057,2024 Presidential Primary,04/02/2024,2024
Council District,50,4669.0,69092.0,31958.0,0.063,2024 Presidential Primary,04/02/2024,2024
Council District,51,4638.0,75193.0,32897.0,0.058,2024 Presidential Primary,04/02/2024,2024
Council District,1,6678.0,53252.0,31688.0,0.111,2024 State Primary,06/25/2024,2024
Council District,2,8270.0,56238.0,29922.0,0.128,2024 State Primary,06/25/2024,2024
Council District,3,3012.0,14779.0,75934.0,0.169,2024 State Primary,06/25/2024,2024
Council District,4,3192.0,15535.0,78029.0,0.17,2024 State Primary,06/25/2024,2024
Council District,5,655.0,4538.0,91273.0,0.126,2024 State Primary,06/25/2024,2024
Council District,6,3631.0,14859.0,85847.0,0.196,2024 State Primary,06/25/2024,2024
Council District,7,13327.0,66832.0,23012.0,0.166,2024 State Primary,06/25/2024,2024
Council District,8,5130.0,63625.0,24282.0,0.075,2024 State Primary,06/25/2024,2024
Council District,9,10920.0,69902.0,20996.0,0.135,2024 State Primary,06/25/2024,2024
Council District,10,6740.0,72283.0,24068.0,0.085,2024 State Primary,06/25/2024,2024
Council District,11,7071.0,36110.0,42593.0,0.164,2024 State Primary,06/25/2024,2024
Council District,12,7917.0,25074.0,60147.0,0.24,2024 State Primary,06/25/2024,2024
Council District,13,3746.0,26359.0,55452.0,0.124,2024 State Primary,06/25/2024,2024
Council District,14,858.0,13384.0,62394.0,0.06,2024 State Primary,06/25/2024,2024
Council District,15,55.0,1048.0,69961.0,0.05,2024 State Primary,06/25/2024,2024
Council District,16,3340.0,45630.0,34142.0,0.068,2024 State Primary,06/25/2024,2024
Council District,17,1591.0,31889.0,48462.0,0.048,2024 State Primary,06/25/2024,2024
Council District,18,5048.0,60132.0,23426.0,0.077,2024 State Primary,06/25/2024,2024
Council District,19,3999.0,40096.0,46457.0,0.091,2024 State Primary,06/25/2024,2024
Council District,20,4012.0,36761.0,27577.0,0.098,2024 State Primary,06/25/2024,2024
Council District,21,3539.0,34058.0,19176.0,0.094,2024 State Primary,06/25/2024,2024
Council District,22,8773.0,47156.0,31923.0,0.157,2024 State Primary,06/25/2024,2024
Council District,23,4674.0,54984.0,39221.0,0.078,2024 State Primary,06/25/2024,2024
Council District,24,4128.0,49170.0,33220.0,0.077,2024 State Primary,06/25/2024,2024
Council District,25,5018.0,43128.0,29460.0,0.104,2024 State Primary,06/25/2024,2024
Council District,26,7066.0,45968.0,29656.0,0.133,2024 State Primary,06/25/2024,2024
Council District,27,5618.0,69048.0,22668.0,0.075,2024 State Primary,06/25/2024,2024
Council District,28,4207.0,61543.0,25349.0,0.064,2024 State Primary,06/25/2024,2024
Council District,29,4570.0,48028.0,36524.0,0.087,2024 State Primary,06/25/2024,2024
Council District,30,3288.0,38173.0,42227.0,0.079,2024 State Primary,06/25/2024,2024
Council District,31,4543.0,60863.0,21642.0,0.069,2024 State Primary,06/25/2024,2024
Council District,32,2169.0,44031.0,43843.0,0.047,2024 State Primary,06/25/2024,2024
Council District,33,9130.0,52359.0,30995.0,0.148,2024 State Primary,06/25/2024,2024
Council District,34,2590.0,27768.0,66900.0,0.085,2024 State Primary,06/25/2024,2024
Council District,35,5849.0,54547.0,48650.0,0.097,2024 State Primary,06/25/2024,2024
Council District,36,8865.0,59900.0,31990.0,0.129,2024 State Primary,06/25/2024,2024
Council District,37,324.0,7138.0,74456.0,0.043,2024 State Primary,06/25/2024,2024
Council District,38,2539.0,39813.0,30909.0,0.06,2024 State Primary,06/25/2024,2024
Council District,39,11784.0,59772.0,34042.0,0.165,2024 State Primary,06/25/2024,2024
Council District,40,5859.0,67072.0,24948.0,0.08,2024 State Primary,06/25/2024,2024
Council District,41,4357.0,65706.0,18702.0,0.062,2024 State Primary,06/25/2024,2024
Council District,42,805.0,13420.0,76102.0,0.057,2024 State Primary,06/25/2024,2024
Council District,43,573.0,15835.0,46908.0,0.035,2024 State Primary,06/25/2024,2024
Council District,44,924.0,15196.0,55565.0,0.057,2024 State Primary,06/25/2024,2024
Council District,45,5316.0,68921.0,24213.0,0.072,2024 State Primary,06/25/2024,2024
Council District,46,4433.0,57891.0,36010.0,0.071,2024 State Primary,06/25/2024,2024
Council District,47,2926.0,27850.0,57989.0,0.095,2024 State Primary,06/25/2024,2024
Council District,48,1756.0,18660.0,65829.0,0.086,2024 State Primary,06/25/2024,2024
Council District,49,,,92287.0,,2024 State Primary,06/25/2024,2024
Council District,50,106.0,1433.0,104772.0,0.069,2024 State Primary,06/25/2024,2024
Council District,51,,,113527.0,,2024 State Primary,06/25/2024,2024
Council District,1,60576.0,33822.0,2207.0,0.642,2024 General Election,11/05/2024,2024
Council District,2,66871.0,30997.0,2284.0,0.683,2024 General Election,11/05/2024,2024
Council District,3,71821.0,26322.0,2285.0,0.732,2024 General Election,11/05/2024,2024
Council District,4,75269.0,24810.0,2099.0,0.752,2024 General Election,11/05/2024,2024
Council District,5,79527.0,20376.0,1998.0,0.796,2024 General Election,11/05/2024,2024
Council District,6,84400.0,23455.0,1751.0,0.783,2024 General Election,11/05/2024,2024
Council District,7,67372.0,37180.0,1637.0,0.644,2024 General Election,11/05/2024,2024
Council District,8,47686.0,46189.0,1745.0,0.508,2024 General Election,11/05/2024,2024
Council District,9,62991.0,40145.0,1649.0,0.611,2024 General Election,11/05/2024,2024
Council District,10,60380.0,43485.0,1631.0,0.581,2024 General Election,11/05/2024,2024
Council District,11,54270.0,32703.0,1533.0,0.624,2024 General Election,11/05/2024,2024
Council District,12,54309.0,39775.0,1646.0,0.577,2024 General Election,11/05/2024,2024
Council District,13,50939.0,35529.0,1633.0,0.589,2024 General Election,11/05/2024,2024
Council District,14,36913.0,40594.0,1513.0,0.476,2024 General Election,11/05/2024,2024
Council District,15,33534.0,38438.0,1568.0,0.466,2024 General Election,11/05/2024,2024
Council District,16,40021.0,43487.0,1620.0,0.479,2024 General Election,11/05/2024,2024
Council District,17,37314.0,45190.0,1618.0,0.452,2024 General Election,11/05/2024,2024
Council District,18,45588.0,43188.0,1680.0,0.514,2024 General Election,11/05/2024,2024
Council District,19,58431.0,32967.0,1223.0,0.639,2024 General Election,11/05/2024,2024
Council District,20,32464.0,35678.0,1058.0,0.476,2024 General Election,11/05/2024,2024
Council District,21,28103.0,29035.0,1111.0,0.492,2024 General Election,11/05/2024,2024
Council District,22,58735.0,31319.0,1694.0,0.652,2024 General Election,11/05/2024,2024
Council District,23,61464.0,38234.0,1499.0,0.617,2024 General Election,11/05/2024,2024
Council District,24,50866.0,36823.0,1548.0,0.58,2024 General Election,11/05/2024,2024
Council District,25,43239.0,35114.0,1315.0,0.552,2024 General Election,11/05/2024,2024
Council District,26,52919.0,31813.0,1765.0,0.625,2024 General Election,11/05/2024,2024
Council District,27,55321.0,43266.0,1569.0,0.561,2024 General Election,11/05/2024,2024
Council District,28,48974.0,43075.0,1483.0,0.532,2024 General Election,11/05/2024,2024
Council District,29,56008.0,34618.0,1438.0,0.618,2024 General Election,11/05/2024,2024
Council District,30,51805.0,33553.0,1482.0,0.607,2024 General Election,11/05/2024,2024
Council District,31,50810.0,37124.0,1392.0,0.578,2024 General Election,11/05/2024,2024
Council District,32,56765.0,34578.0,1397.0,0.621,2024 General Election,11/05/2024,2024
Council District,33,65783.0,31408.0,1881.0,0.677,2024 General Election,11/05/2024,2024
Council District,34,56272.0,43834.0,2446.0,0.562,2024 General Election,11/05/2024,2024
Council District,35,74480.0,37719.0,1990.0,0.664,2024 General Election,11/05/2024,2024
Council District,36,58933.0,43437.0,2145.0,0.576,2024 General Election,11/05/2024,2024
Council District,37,40196.0,42683.0,2062.0,0.485,2024 General Election,11/05/2024,2024
Council District,38,39413.0,34296.0,1300.0,0.535,2024 General Election,11/05/2024,2024
Council District,39,78310.0,29508.0,1379.0,0.726,2024 General Election,11/05/2024,2024
Council District,40,61170.0,38481.0,1796.0,0.614,2024 General Election,11/05/2024,2024
Council District,41,47320.0,41550.0,1664.0,0.532,2024 General Election,11/05/2024,2024
Council District,42,46217.0,43479.0,1689.0,0.515,2024 General Election,11/05/2024,2024
Council District,43,30525.0,33096.0,1196.0,0.48,2024 General Election,11/05/2024,2024
Council District,44,43096.0,29731.0,1375.0,0.592,2024 General Election,11/05/2024,2024
Council District,45,58424.0,41075.0,1474.0,0.587,2024 General Election,11/05/2024,2024
Council District,46,59808.0,38642.0,1373.0,0.607,2024 General Election,11/05/2024,2024
Council District,47,52854.0,35898.0,1404.0,0.596,2024 General Election,11/05/2024,2024
Council District,48,49004.0,37361.0,1689.0,0.567,2024 General Election,11/05/2024,2024
Council District,49,53643.0,39583.0,1309.0,0.575,2024 General Election,11/05/2024,2024
Council District,50,71004.0,36521.0,1352.0,0.66,2024 General Election,11/05/2024,2024
Council District,51,80608.0,34712.0,1434.0,0.699,2024 General Election,11/05/2024,2024
Council District,1,13463.0,76962.0,731.0,0.149,2023 General,11/07/2023,2023
Council District,2,12183.0,80618.0,796.0,0.131,2023 General,11/07/2023,2023
Council District,3,16148.0,75443.0,781.0,0.176,2023 General,11/07/2023,2023
Council District,4,18029.0,76646.0,793.0,0.19,2023 General,11/07/2023,2023
Council District,5,18679.0,76015.0,869.0,0.197,2023 General,11/07/2023,2023
Council District,6,22549.0,79824.0,776.0,0.22,2023 General,11/07/2023,2023
Council District,7,14569.0,87274.0,542.0,0.143,2023 General,11/07/2023,2023
Council District,8,6733.0,84814.0,409.0,0.074,2023 General,11/07/2023,2023
Council District,9,13037.0,87551.0,498.0,0.13,2023 General,11/07/2023,2023
Council District,10,9984.0,91655.0,498.0,0.098,2023 General,11/07/2023,2023
Council District,11,11712.0,72943.0,444.0,0.138,2023 General,11/07/2023,2023
Council District,12,10720.0,81537.0,393.0,0.116,2023 General,11/07/2023,2023
Council District,13,13148.0,71664.0,413.0,0.155,2023 General,11/07/2023,2023
Council District,14,4731.0,70894.0,436.0,0.063,2023 General,11/07/2023,2023
Council District,15,4409.0,65644.0,402.0,0.063,2023 General,11/07/2023,2023
Council District,16,5674.0,76532.0,422.0,0.069,2023 General,11/07/2023,2023
Council District,17,4718.0,76194.0,403.0,0.058,2023 General,11/07/2023,2023
Council District,18,7268.0,80586.0,421.0,0.083,2023 General,11/07/2023,2023
Council District,19,19976.0,69399.0,399.0,0.224,2023 General,11/07/2023,2023
Council District,20,9003.0,58374.0,351.0,0.134,2023 General,11/07/2023,2023
Council District,21,3994.0,51843.0,356.0,0.072,2023 General,11/07/2023,2023
Council District,22,14315.0,71773.0,544.0,0.166,2023 General,11/07/2023,2023
Council District,23,15155.0,82339.0,518.0,0.155,2023 General,11/07/2023,2023
Council District,24,10359.0,74992.0,458.0,0.121,2023 General,11/07/2023,2023
Council District,25,9423.0,66875.0,434.0,0.124,2023 General,11/07/2023,2023
Council District,26,11009.0,69798.0,555.0,0.136,2023 General,11/07/2023,2023
Council District,27,9815.0,86196.0,463.0,0.102,2023 General,11/07/2023,2023
Council District,28,7842.0,81981.0,449.0,0.087,2023 General,11/07/2023,2023
Council District,29,12263.0,75506.0,431.0,0.14,2023 General,11/07/2023,2023
Council District,30,8740.0,73583.0,391.0,0.106,2023 General,11/07/2023,2023
Council District,31,10185.0,75723.0,366.0,0.119,2023 General,11/07/2023,2023
Council District,32,11771.0,77172.0,409.0,0.132,2023 General,11/07/2023,2023
Council District,33,12712.0,77786.0,672.0,0.14,2023 General,11/07/2023,2023
Council District,34,8486.0,87137.0,679.0,0.089,2023 General,11/07/2023,2023
Council District,35,15297.0,92193.0,628.0,0.142,2023 General,11/07/2023,2023
Council District,36,10687.0,88644.0,566.0,0.108,2023 General,11/07/2023,2023
Council District,37,5615.0,75245.0,496.0,0.069,2023 General,11/07/2023,2023
Council District,38,9152.0,63390.0,417.0,0.126,2023 General,11/07/2023,2023
Council District,39,21577.0,83097.0,557.0,0.206,2023 General,11/07/2023,2023
Council District,40,12200.0,84366.0,520.0,0.126,2023 General,11/07/2023,2023
Council District,41,6997.0,80980.0,381.0,0.08,2023 General,11/07/2023,2023
Council District,42,7572.0,82065.0,379.0,0.084,2023 General,11/07/2023,2023
Council District,43,8511.0,54191.0,366.0,0.136,2023 General,11/07/2023,2023
Council District,44,9701.0,61650.0,298.0,0.136,2023 General,11/07/2023,2023
Council District,45,10585.0,87008.0,374.0,0.108,2023 General,11/07/2023,2023
Council District,46,11616.0,86157.0,315.0,0.119,2023 General,11/07/2023,2023
Council District,47,20178.0,67697.0,444.0,0.23,2023 General,11/07/2023,2023
Council District,48,12534.0,73224.0,373.0,0.146,2023 General,11/07/2023,2023
Council District,49,9851.0,82066.0,371.0,0.107,2023 General,11/07/2023,2023
Council District,50,12230.0,93563.0,400.0,0.116,2023 General,11/07/2023,2023
Council District,51,11772.0,101213.0,370.0,0.104,2023 General,11/07/2023,2023
Council District,1,8764.0,52196.0,31327.0,0.144,2023 City Primary,06/27/2023,2023
Council District,2,7735.0,60489.0,27999.0,0.113,2023 City Primary,06/27/2023,2023
Council District,3,4663.0,48745.0,41846.0,0.087,2023 City Primary,06/27/2023,2023
Council District,4,100.0,2018.0,94911.0,0.047,2023 City Primary,06/27/2023,2023
Council District,5,207.0,5015.0,92274.0,0.04,2023 City Primary,06/27/2023,2023
Council District,6,665.0,7513.0,96806.0,0.081,2023 City Primary,06/27/2023,2023
Council District,7,2500.0,33379.0,68214.0,0.07,2023 City Primary,06/27/2023,2023
Council District,8,2729.0,68465.0,23604.0,0.038,2023 City Primary,06/27/2023,2023
Council District,9,11669.0,71254.0,20514.0,0.141,2023 City Primary,06/27/2023,2023
Council District,10,6649.0,74633.0,23463.0,0.082,2023 City Primary,06/27/2023,2023
Council District,11,4795.0,57909.0,25374.0,0.076,2023 City Primary,06/27/2023,2023
Council District,12,7286.0,67347.0,20277.0,0.098,2023 City Primary,06/27/2023,2023
Council District,13,6401.0,60228.0,20857.0,0.096,2023 City Primary,06/27/2023,2023
Council District,14,3282.0,56584.0,19925.0,0.055,2023 City Primary,06/27/2023,2023
Council District,15,1916.0,53379.0,18968.0,0.035,2023 City Primary,06/27/2023,2023
Council District,16,2797.0,63235.0,19999.0,0.042,2023 City Primary,06/27/2023,2023
Council District,17,1988.0,61978.0,20735.0,0.031,2023 City Primary,06/27/2023,2023
Council District,18,3360.0,65329.0,22930.0,0.049,2023 City Primary,06/27/2023,2023
Council District,19,6200.0,39821.0,44288.0,0.135,2023 City Primary,06/27/2023,2023
Council District,20,4087.0,42191.0,22295.0,0.088,2023 City Primary,06/27/2023,2023
Council District,21,2053.0,36433.0,18306.0,0.053,2023 City Primary,06/27/2023,2023
Council District,22,6304.0,50614.0,31547.0,0.111,2023 City Primary,06/27/2023,2023
Council District,23,6587.0,52011.0,40043.0,0.112,2023 City Primary,06/27/2023,2023
Council District,24,3709.0,47793.0,35125.0,0.072,2023 City Primary,06/27/2023,2023
Council District,25,5580.0,43388.0,28397.0,0.114,2023 City Primary,06/27/2023,2023
Council District,26,6140.0,47372.0,28837.0,0.115,2023 City Primary,06/27/2023,2023
Council District,27,5141.0,71016.0,21478.0,0.068,2023 City Primary,06/27/2023,2023
Council District,28,3770.0,63212.0,24185.0,0.056,2023 City Primary,06/27/2023,2023
Council District,29,6484.0,47047.0,35908.0,0.121,2023 City Primary,06/27/2023,2023
Council District,30,2271.0,39870.0,41088.0,0.054,2023 City Primary,06/27/2023,2023
Council District,31,4498.0,62447.0,20780.0,0.067,2023 City Primary,06/27/2023,2023
Council District,32,2340.0,44778.0,42895.0,0.05,2023 City Primary,06/27/2023,2023
Council District,33,2609.0,64784.0,24571.0,0.039,2023 City Primary,06/27/2023,2023
Council District,34,3706.0,68710.0,25095.0,0.051,2023 City Primary,06/27/2023,2023
Council District,35,4993.0,82261.0,21655.0,0.057,2023 City Primary,06/27/2023,2023
Council District,36,3420.0,78265.0,19589.0,0.042,2023 City Primary,06/27/2023,2023
Council District,37,1574.0,59121.0,21841.0,0.026,2023 City Primary,06/27/2023,2023
Council District,38,1801.0,43626.0,28228.0,0.04,2023 City Primary,06/27/2023,2023
Council District,39,5040.0,75736.0,25341.0,0.062,2023 City Primary,06/27/2023,2023
Council District,40,3860.0,72920.0,21575.0,0.05,2023 City Primary,06/27/2023,2023
Council District,41,4639.0,67279.0,18162.0,0.065,2023 City Primary,06/27/2023,2023
Council District,42,6250.0,65488.0,19610.0,0.087,2023 City Primary,06/27/2023,2023
Council District,43,4496.0,36331.0,22459.0,0.11,2023 City Primary,06/27/2023,2023
Council District,44,2205.0,53271.0,17098.0,0.04,2023 City Primary,06/27/2023,2023
Council District,45,3334.0,71896.0,23780.0,0.044,2023 City Primary,06/27/2023,2023
Council District,46,2660.0,62629.0,33478.0,0.041,2023 City Primary,06/27/2023,2023
Council District,47,5203.0,58235.0,25637.0,0.082,2023 City Primary,06/27/2023,2023
Council District,48,4125.0,54231.0,27966.0,0.071,2023 City Primary,06/27/2023,2023
Council District,49,,,92860.0,,2023 City Primary,06/27/2023,2023
Council District,50,137.0,2944.0,103600.0,0.044,2023 City Primary,06/27/2023,2023
Council District,51,,,113570.0,,2023 City Primary,06/27/2023,2023
Council District,1,40303.0,54967.0,1261.0,0.423,2022 General,11/08/2022,2022
Council District,2,45887.0,53541.0,1311.0,0.462,2022 General,11/08/2022,2022
Council District,3,50278.0,49071.0,1310.0,0.506,2022 General,11/08/2022,2022
Council District,4,54666.0,44844.0,1155.0,0.549,2022 General,11/08/2022,2022
Council District,5,58330.0,42130.0,1224.0,0.581,2022 General,11/08/2022,2022
Council District,6,63769.0,45263.0,1178.0,0.585,2022 General,11/08/2022,2022
Council District,7,46287.0,62388.0,795.0,0.426,2022 General,11/08/2022,2022
Council District,8,25748.0,72016.0,635.0,0.263,2022 General,11/08/2022,2022
Council District,9,39767.0,68669.0,645.0,0.367,2022 General,11/08/2022,2022
Council District,10,35677.0,73762.0,630.0,0.326,2022 General,11/08/2022,2022
Council District,11,35308.0,53887.0,674.0,0.396,2022 General,11/08/2022,2022
Council District,12,33197.0,62408.0,582.0,0.347,2022 General,11/08/2022,2022
Council District,13,31480.0,56883.0,638.0,0.356,2022 General,11/08/2022,2022
Council District,14,17331.0,63288.0,460.0,0.215,2022 General,11/08/2022,2022
Council District,15,15908.0,58794.0,529.0,0.213,2022 General,11/08/2022,2022
Council District,16,19914.0,66503.0,475.0,0.23,2022 General,11/08/2022,2022
Council District,17,17840.0,67175.0,581.0,0.21,2022 General,11/08/2022,2022
Council District,18,25223.0,66852.0,567.0,0.274,2022 General,11/08/2022,2022
Council District,19,40821.0,50972.0,732.0,0.445,2022 General,11/08/2022,2022
Council District,20,20481.0,48902.0,486.0,0.295,2022 General,11/08/2022,2022
Council District,21,13641.0,43653.0,395.0,0.238,2022 General,11/08/2022,2022
Council District,22,38501.0,52155.0,902.0,0.425,2022 General,11/08/2022,2022
Council District,23,38588.0,61484.0,719.0,0.386,2022 General,11/08/2022,2022
Council District,24,31149.0,56891.0,757.0,0.354,2022 General,11/08/2022,2022
Council District,25,25222.0,52990.0,581.0,0.322,2022 General,11/08/2022,2022
Council District,26,32182.0,51530.0,871.0,0.384,2022 General,11/08/2022,2022
Council District,27,32969.0,65565.0,577.0,0.335,2022 General,11/08/2022,2022
Council District,28,26765.0,65959.0,542.0,0.289,2022 General,11/08/2022,2022
Council District,29,35387.0,55747.0,659.0,0.388,2022 General,11/08/2022,2022
Council District,30,32608.0,51651.0,706.0,0.387,2022 General,11/08/2022,2022
Council District,31,30853.0,58359.0,608.0,0.346,2022 General,11/08/2022,2022
Council District,32,37118.0,54196.0,691.0,0.406,2022 General,11/08/2022,2022
Council District,33,49948.0,43085.0,1506.0,0.537,2022 General,11/08/2022,2022
Council District,34,34582.0,65208.0,1390.0,0.347,2022 General,11/08/2022,2022
Council District,35,51922.0,59379.0,1105.0,0.467,2022 General,11/08/2022,2022
Council District,36,37384.0,66767.0,950.0,0.359,2022 General,11/08/2022,2022
Council District,37,20910.0,64047.0,712.0,0.246,2022 General,11/08/2022,2022
Council District,38,25133.0,49811.0,669.0,0.335,2022 General,11/08/2022,2022
Council District,39,61019.0,47779.0,1026.0,0.561,2022 General,11/08/2022,2022
Council District,40,39326.0,61452.0,804.0,0.39,2022 General,11/08/2022,2022
Council District,41,26067.0,66563.0,579.0,0.281,2022 General,11/08/2022,2022
Council District,42,26037.0,67961.0,517.0,0.277,2022 General,11/08/2022,2022
Council District,43,18359.0,45619.0,608.0,0.287,2022 General,11/08/2022,2022
Council District,44,34503.0,38135.0,1276.0,0.475,2022 General,11/08/2022,2022
Council District,45,37543.0,63559.0,730.0,0.371,2022 General,11/08/2022,2022
Council District,46,38626.0,61629.0,644.0,0.385,2022 General,11/08/2022,2022
Council District,47,36338.0,55150.0,708.0,0.397,2022 General,11/08/2022,2022
Council District,48,33774.0,53577.0,940.0,0.387,2022 General,11/08/2022,2022
Council District,49,35537.0,58577.0,598.0,0.378,2022 General,11/08/2022,2022
Council District,50,51011.0,56547.0,815.0,0.474,2022 General,11/08/2022,2022
Council District,51,58511.0,56424.0,752.0,0.509,2022 General,11/08/2022,2022
Council District,1,13268.0,52564.0,32232.0,0.202,2022 Federal Primary,08/23/2022,2022
Council District,2,15195.0,53950.0,28198.0,0.22,2022 Federal Primary,08/23/2022,2022
Council District,3,20099.0,58934.0,33738.0,0.254,2022 Federal Primary,08/23/2022,2022
Council District,4,18491.0,45465.0,41690.0,0.289,2022 Federal Primary,08/23/2022,2022
Council District,5,19589.0,46319.0,35849.0,0.297,2022 Federal Primary,08/23/2022,2022
Council District,6,29937.0,56629.0,29906.0,0.346,2022 Federal Primary,08/23/2022,2022
Council District,7,12152.0,66831.0,20498.0,0.154,2022 Federal Primary,08/23/2022,2022
Council District,8,2568.0,35660.0,59026.0,0.067,2022 Federal Primary,08/23/2022,2022
Council District,9,10587.0,78702.0,20711.0,0.119,2022 Federal Primary,08/23/2022,2022
Council District,10,12049.0,65941.0,21458.0,0.154,2022 Federal Primary,08/23/2022,2022
Council District,11,9022.0,48463.0,26668.0,0.157,2022 Federal Primary,08/23/2022,2022
Council District,12,2193.0,21217.0,73104.0,0.094,2022 Federal Primary,08/23/2022,2022
Council District,13,4790.0,48556.0,32391.0,0.09,2022 Federal Primary,08/23/2022,2022
Council District,14,3724.0,51149.0,23177.0,0.068,2022 Federal Primary,08/23/2022,2022
Council District,15,1984.0,26391.0,45474.0,0.07,2022 Federal Primary,08/23/2022,2022
Council District,16,440.0,4955.0,78649.0,0.082,2022 Federal Primary,08/23/2022,2022
Council District,17,43.0,1295.0,85063.0,0.032,2022 Federal Primary,08/23/2022,2022
Council District,18,4435.0,62428.0,26236.0,0.066,2022 Federal Primary,08/23/2022,2022
Council District,19,3824.0,28594.0,58213.0,0.118,2022 Federal Primary,08/23/2022,2022
Council District,20,,23.0,68938.0,,2022 Federal Primary,08/23/2022,2022
Council District,21,118.0,3063.0,54452.0,0.037,2022 Federal Primary,08/23/2022,2022
Council District,22,5656.0,30062.0,49422.0,0.158,2022 Federal Primary,08/23/2022,2022
Council District,23,3206.0,26475.0,65592.0,0.108,2022 Federal Primary,08/23/2022,2022
Council District,24,,,84275.0,,2022 Federal Primary,08/23/2022,2022
Council District,25,62.0,944.0,77147.0,0.062,2022 Federal Primary,08/23/2022,2022
Council District,26,5999.0,41587.0,44488.0,0.126,2022 Federal Primary,08/23/2022,2022
Council District,27,,,102514.0,,2022 Federal Primary,08/23/2022,2022
Council District,28,1237.0,18286.0,76203.0,0.063,2022 Federal Primary,08/23/2022,2022
Council District,29,2611.0,23492.0,63969.0,0.1,2022 Federal Primary,08/23/2022,2022
Council District,30,2391.0,30828.0,50357.0,0.072,2022 Federal Primary,08/23/2022,2022
Council District,31,,,91713.0,,2022 Federal Primary,08/23/2022,2022
Council District,32,2020.0,27003.0,60523.0,0.07,2022 Federal Primary,08/23/2022,2022
Council District,33,14638.0,69058.0,27916.0,0.175,2022 Federal Primary,08/23/2022,2022
Council District,34,5117.0,68723.0,24684.0,0.069,2022 Federal Primary,08/23/2022,2022
Council District,35,11033.0,46076.0,57539.0,0.193,2022 Federal Primary,08/23/2022,2022
Council District,36,7261.0,56660.0,38418.0,0.114,2022 Federal Primary,08/23/2022,2022
Council District,37,2882.0,57468.0,20554.0,0.048,2022 Federal Primary,08/23/2022,2022
Council District,38,6548.0,40063.0,24042.0,0.14,2022 Federal Primary,08/23/2022,2022
Council District,39,21879.0,47891.0,34012.0,0.314,2022 Federal Primary,08/23/2022,2022
Council District,40,6775.0,33092.0,52023.0,0.17,2022 Federal Primary,08/23/2022,2022
Council District,41,3360.0,37762.0,49495.0,0.082,2022 Federal Primary,08/23/2022,2022
Council District,42,5396.0,63318.0,24789.0,0.079,2022 Federal Primary,08/23/2022,2022
Council District,43,9158.0,53155.0,27734.0,0.147,2022 Federal Primary,08/23/2022,2022
Council District,44,1168.0,9773.0,59513.0,0.107,2022 Federal Primary,08/23/2022,2022
Council District,45,8363.0,60384.0,25908.0,0.122,2022 Federal Primary,08/23/2022,2022
Council District,46,6762.0,64776.0,33405.0,0.095,2022 Federal Primary,08/23/2022,2022
Council District,47,3328.0,44521.0,31958.0,0.07,2022 Federal Primary,08/23/2022,2022
Council District,48,2817.0,34655.0,51748.0,0.075,2022 Federal Primary,08/23/2022,2022
Council District,49,9534.0,61580.0,25302.0,0.134,2022 Federal Primary,08/23/2022,2022
Council District,50,9294.0,63802.0,30379.0,0.127,2022 Federal Primary,08/23/2022,2022
Council District,51,9249.0,69400.0,30976.0,0.118,2022 Federal Primary,08/23/2022,2022
Council District,1,13486.0,59418.0,25160.0,0.185,2022 State Primary,06/28/2022,2022
Council District,2,14369.0,60768.0,22206.0,0.191,2022 State Primary,06/28/2022,2022
Council District,3,19091.0,67125.0,26555.0,0.221,2022 State Primary,06/28/2022,2022
Council District,4,17309.0,60764.0,27573.0,0.222,2022 State Primary,06/28/2022,2022
Council District,5,18534.0,57804.0,25419.0,0.243,2022 State Primary,06/28/2022,2022
Council District,6,24395.0,69097.0,22980.0,0.261,2022 State Primary,06/28/2022,2022
Council District,7,13391.0,68713.0,17377.0,0.163,2022 State Primary,06/28/2022,2022
Council District,8,7639.0,70739.0,18876.0,0.097,2022 State Primary,06/28/2022,2022
Council District,9,15227.0,76718.0,18055.0,0.166,2022 State Primary,06/28/2022,2022
Council District,10,11909.0,70300.0,17239.0,0.145,2022 State Primary,06/28/2022,2022
Council District,11,12470.0,53675.0,18008.0,0.189,2022 State Primary,06/28/2022,2022
Council District,12,11415.0,68361.0,16738.0,0.143,2022 State Primary,06/28/2022,2022
Council District,13,7890.0,56972.0,20875.0,0.122,2022 State Primary,06/28/2022,2022
Council District,14,4722.0,58216.0,15112.0,0.075,2022 State Primary,06/28/2022,2022
Council District,15,4786.0,53964.0,15099.0,0.081,2022 State Primary,06/28/2022,2022
Council District,16,5618.0,62789.0,15637.0,0.082,2022 State Primary,06/28/2022,2022
Council District,17,4694.0,64989.0,16718.0,0.067,2022 State Primary,06/28/2022,2022
Council District,18,7022.0,67575.0,18502.0,0.094,2022 State Primary,06/28/2022,2022
Council District,19,8852.0,54287.0,27492.0,0.14,2022 State Primary,06/28/2022,2022
Council District,20,5570.0,41051.0,22340.0,0.119,2022 State Primary,06/28/2022,2022
Council District,21,4692.0,38767.0,14174.0,0.108,2022 State Primary,06/28/2022,2022
Council District,22,9729.0,53409.0,22002.0,0.154,2022 State Primary,06/28/2022,2022
Council District,23,9507.0,59429.0,26337.0,0.138,2022 State Primary,06/28/2022,2022
Council District,24,7759.0,53971.0,22545.0,0.126,2022 State Primary,06/28/2022,2022
Council District,25,7018.0,49614.0,21521.0,0.124,2022 State Primary,06/28/2022,2022
Council District,26,10981.0,57126.0,23967.0,0.161,2022 State Primary,06/28/2022,2022
Council District,27,10427.0,73533.0,18554.0,0.124,2022 State Primary,06/28/2022,2022
Council District,28,7717.0,67005.0,21004.0,0.103,2022 State Primary,06/28/2022,2022
Council District,29,10567.0,54067.0,25438.0,0.163,2022 State Primary,06/28/2022,2022
Council District,30,6959.0,50722.0,25895.0,0.121,2022 State Primary,06/28/2022,2022
Council District,31,9166.0,66121.0,16426.0,0.122,2022 State Primary,06/28/2022,2022
Council District,32,7749.0,58189.0,23608.0,0.118,2022 State Primary,06/28/2022,2022
Council District,33,15141.0,74702.0,21769.0,0.169,2022 State Primary,06/28/2022,2022
Council District,34,9580.0,68301.0,20643.0,0.123,2022 State Primary,06/28/2022,2022
Council District,35,20225.0,75808.0,18615.0,0.211,2022 State Primary,06/28/2022,2022
Council District,36,12492.0,72901.0,16946.0,0.146,2022 State Primary,06/28/2022,2022
Council District,37,6429.0,57441.0,17034.0,0.101,2022 State Primary,06/28/2022,2022
Council District,38,6279.0,44958.0,19416.0,0.123,2022 State Primary,06/28/2022,2022
Council District,39,20696.0,64028.0,19058.0,0.244,2022 State Primary,06/28/2022,2022
Council District,40,12753.0,62685.0,16452.0,0.169,2022 State Primary,06/28/2022,2022
Council District,41,8566.0,67062.0,14989.0,0.113,2022 State Primary,06/28/2022,2022
Council District,42,9115.0,68474.0,15914.0,0.117,2022 State Primary,06/28/2022,2022
Council District,43,9397.0,53318.0,27332.0,0.15,2022 State Primary,06/28/2022,2022
Council District,44,6114.0,46827.0,17513.0,0.115,2022 State Primary,06/28/2022,2022
Council District,45,10538.0,67650.0,16467.0,0.135,2022 State Primary,06/28/2022,2022
Council District,46,10498.0,72941.0,21504.0,0.126,2022 State Primary,06/28/2022,2022
Council District,47,5195.0,50416.0,24196.0,0.093,2022 State Primary,06/28/2022,2022
Council District,48,6176.0,54774.0,28270.0,0.101,2022 State Primary,06/28/2022,2022
Council District,49,9686.0,61178.0,25552.0,0.137,2022 State Primary,06/28/2022,2022
Council District,50,10221.0,62681.0,30573.0,0.14,2022 State Primary,06/28/2022,2022
Council District,51,10511.0,67900.0,31214.0,0.134,2022 State Primary,06/28/2022,2022
Council District,1,24179.0,79812.0,1090.0,0.233,2021 General,11/02/2021,2021
Council District,2,25421.0,78105.0,1181.0,0.246,2021 General,11/02/2021,2021
Council District,3,32291.0,88081.0,1572.0,0.268,2021 General,11/02/2021,2021
Council District,4,32123.0,79254.0,1212.0,0.288,2021 General,11/02/2021,2021
Council District,5,34147.0,73033.0,1273.0,0.319,2021 General,11/02/2021,2021
Council District,6,42680.0,79188.0,1169.0,0.35,2021 General,11/02/2021,2021
Council District,7,24877.0,79313.0,692.0,0.239,2021 General,11/02/2021,2021
Council District,8,15385.0,85969.0,583.0,0.152,2021 General,11/02/2021,2021
Council District,9,28164.0,86983.0,692.0,0.245,2021 General,11/02/2021,2021
Council District,10,22026.0,82489.0,503.0,0.211,2021 General,11/02/2021,2021
Council District,11,21579.0,67176.0,501.0,0.243,2021 General,11/02/2021,2021
Council District,12,22413.0,77823.0,492.0,0.224,2021 General,11/02/2021,2021
Council District,13,20124.0,69238.0,462.0,0.225,2021 General,11/02/2021,2021
Council District,14,11296.0,71031.0,432.0,0.137,2021 General,11/02/2021,2021
Council District,15,10355.0,69508.0,466.0,0.13,2021 General,11/02/2021,2021
Council District,16,13410.0,74361.0,480.0,0.153,2021 General,11/02/2021,2021
Council District,17,12340.0,77868.0,452.0,0.137,2021 General,11/02/2021,2021
Council District,18,15991.0,80873.0,472.0,0.165,2021 General,11/02/2021,2021
Council District,19,27804.0,64727.0,466.0,0.3,2021 General,11/02/2021,2021
Council District,20,13780.0,56996.0,437.0,0.195,2021 General,11/02/2021,2021
Council District,21,9048.0,50325.0,379.0,0.152,2021 General,11/02/2021,2021
Council District,22,21153.0,67243.0,695.0,0.239,2021 General,11/02/2021,2021
Council District,23,24037.0,73130.0,493.0,0.247,2021 General,11/02/2021,2021
Council District,24,18318.0,68224.0,480.0,0.212,2021 General,11/02/2021,2021
Council District,25,16658.0,63106.0,548.0,0.209,2021 General,11/02/2021,2021
Council District,26,20930.0,73202.0,843.0,0.222,2021 General,11/02/2021,2021
Council District,27,23060.0,81204.0,522.0,0.221,2021 General,11/02/2021,2021
Council District,28,15981.0,81745.0,523.0,0.164,2021 General,11/02/2021,2021
Council District,29,23901.0,69164.0,488.0,0.257,2021 General,11/02/2021,2021
Council District,30,21814.0,63613.0,531.0,0.255,2021 General,11/02/2021,2021
Council District,31,21169.0,73194.0,433.0,0.224,2021 General,11/02/2021,2021
Council District,32,26160.0,65170.0,494.0,0.286,2021 General,11/02/2021,2021
Council District,33,25530.0,91116.0,1058.0,0.219,2021 General,11/02/2021,2021
Council District,34,17073.0,87898.0,912.0,0.163,2021 General,11/02/2021,2021
Council District,35,32459.0,88197.0,870.0,0.269,2021 General,11/02/2021,2021
Council District,36,22440.0,85798.0,793.0,0.207,2021 General,11/02/2021,2021
Council District,37,11359.0,73960.0,550.0,0.133,2021 General,11/02/2021,2021
Council District,38,13410.0,60734.0,465.0,0.181,2021 General,11/02/2021,2021
Council District,39,36804.0,71869.0,767.0,0.339,2021 General,11/02/2021,2021
Council District,40,22549.0,74080.0,688.0,0.233,2021 General,11/02/2021,2021
Council District,41,17912.0,77629.0,498.0,0.187,2021 General,11/02/2021,2021
Council District,42,18360.0,80052.0,430.0,0.187,2021 General,11/02/2021,2021
Council District,43,26852.0,66759.0,656.0,0.287,2021 General,11/02/2021,2021
Council District,44,14424.0,58656.0,443.0,0.197,2021 General,11/02/2021,2021
Council District,45,22901.0,75435.0,481.0,0.233,2021 General,11/02/2021,2021
Council District,46,27855.0,80167.0,476.0,0.258,2021 General,11/02/2021,2021
Council District,47,16139.0,67077.0,456.0,0.194,2021 General,11/02/2021,2021
Council District,48,21804.0,70714.0,554.0,0.236,2021 General,11/02/2021,2021
Council District,49,27134.0,72289.0,665.0,0.273,2021 General,11/02/2021,2021
Council District,50,36875.0,69020.0,608.0,0.348,2021 General,11/02/2021,2021
Council District,51,43061.0,68883.0,715.0,0.385,2021 General,11/02/2021,2021
Council District,1,25131.0,51930.0,27217.0,0.326,2021 City Primary,06/22/2021,2021
Council District,2,25662.0,54623.0,23920.0,0.32,2021 City Primary,06/22/2021,2021
Council District,3,33817.0,58001.0,28946.0,0.368,2021 City Primary,06/22/2021,2021
Council District,4,29802.0,52320.0,29596.0,0.363,2021 City Primary,06/22/2021,2021
Council District,5,30844.0,49492.0,26971.0,0.384,2021 City Primary,06/22/2021,2021
Council District,6,44164.0,53235.0,24797.0,0.453,2021 City Primary,06/22/2021,2021
Council District,7,26079.0,60456.0,18284.0,0.301,2021 City Primary,06/22/2021,2021
Council District,8,14238.0,67944.0,19577.0,0.173,2021 City Primary,06/22/2021,2021
Council District,9,28276.0,68279.0,19042.0,0.293,2021 City Primary,06/22/2021,2021
Council District,10,22023.0,64892.0,18206.0,0.253,2021 City Primary,06/22/2021,2021
Council District,11,19221.0,50616.0,19204.0,0.275,2021 City Primary,06/22/2021,2021
Council District,12,20045.0,63218.0,17188.0,0.241,2021 City Primary,06/22/2021,2021
Council District,13,13092.0,54871.0,21684.0,0.193,2021 City Primary,06/22/2021,2021
Council District,14,10957.0,55651.0,16014.0,0.164,2021 City Primary,06/22/2021,2021
Council District,15,9764.0,54051.0,16369.0,0.153,2021 City Primary,06/22/2021,2021
Council District,16,12494.0,59537.0,16160.0,0.173,2021 City Primary,06/22/2021,2021
Council District,17,10853.0,62278.0,17320.0,0.148,2021 City Primary,06/22/2021,2021
Council District,18,15247.0,63011.0,18976.0,0.195,2021 City Primary,06/22/2021,2021
Council District,19,17546.0,48262.0,27197.0,0.267,2021 City Primary,06/22/2021,2021
Council District,20,12280.0,36034.0,22906.0,0.254,2021 City Primary,06/22/2021,2021
Council District,21,7981.0,37428.0,14308.0,0.176,2021 City Primary,06/22/2021,2021
Council District,22,17941.0,48049.0,22728.0,0.272,2021 City Primary,06/22/2021,2021
Council District,23,19658.0,51311.0,26749.0,0.277,2021 City Primary,06/22/2021,2021
Council District,24,15737.0,48389.0,22953.0,0.245,2021 City Primary,06/22/2021,2021
Council District,25,16601.0,41755.0,21813.0,0.284,2021 City Primary,06/22/2021,2021
Council District,26,20205.0,49814.0,24359.0,0.289,2021 City Primary,06/22/2021,2021
Council District,27,22190.0,64035.0,18424.0,0.257,2021 City Primary,06/22/2021,2021
Council District,28,15496.0,61694.0,21021.0,0.201,2021 City Primary,06/22/2021,2021
Council District,29,19565.0,47508.0,26334.0,0.292,2021 City Primary,06/22/2021,2021
Council District,30,12690.0,46842.0,26350.0,0.213,2021 City Primary,06/22/2021,2021
Council District,31,18789.0,59189.0,16769.0,0.241,2021 City Primary,06/22/2021,2021
Council District,32,14578.0,53247.0,23869.0,0.215,2021 City Primary,06/22/2021,2021
Council District,33,33147.0,61162.0,22979.0,0.351,2021 City Primary,06/22/2021,2021
Council District,34,19322.0,64971.0,21717.0,0.229,2021 City Primary,06/22/2021,2021
Council District,35,38277.0,63428.0,19548.0,0.376,2021 City Primary,06/22/2021,2021
Council District,36,25744.0,65470.0,17832.0,0.282,2021 City Primary,06/22/2021,2021
Council District,37,12511.0,55851.0,17719.0,0.183,2021 City Primary,06/22/2021,2021
Council District,38,13824.0,40710.0,20343.0,0.253,2021 City Primary,06/22/2021,2021
Council District,39,39788.0,49085.0,20275.0,0.448,2021 City Primary,06/22/2021,2021
Council District,40,25085.0,54895.0,17233.0,0.314,2021 City Primary,06/22/2021,2021
Council District,41,18257.0,62173.0,15815.0,0.227,2021 City Primary,06/22/2021,2021
Council District,42,17605.0,64821.0,16661.0,0.214,2021 City Primary,06/22/2021,2021
Council District,43,15900.0,50156.0,28382.0,0.241,2021 City Primary,06/22/2021,2021
Council District,44,12749.0,42525.0,18423.0,0.231,2021 City Primary,06/22/2021,2021
Council District,45,22120.0,59776.0,17116.0,0.27,2021 City Primary,06/22/2021,2021
Council District,46,21474.0,65273.0,21987.0,0.248,2021 City Primary,06/22/2021,2021
Council District,47,10806.0,48029.0,25270.0,0.184,2021 City Primary,06/22/2021,2021
Council District,48,12561.0,51503.0,29310.0,0.196,2021 City Primary,06/22/2021,2021
Council District,49,17612.0,56026.0,26003.0,0.239,2021 City Primary,06/22/2021,2021
Council District,50,18102.0,56897.0,31062.0,0.241,2021 City Primary,06/22/2021,2021
Council District,51,15577.0,64696.0,31546.0,0.194,2021 City Primary,06/22/2021,2021
Council District,1,65606.0,39065.0,1613.0,0.627,2020 General,11/03/2020,2020
Council District,2,68175.0,36919.0,1574.0,0.649,2020 General,11/03/2020,2020
Council District,3,83961.0,37537.0,1754.0,0.691,2020 General,11/03/2020,2020
Council District,4,79377.0,33327.0,1468.0,0.704,2020 General,11/03/2020,2020
Council District,5,80159.0,28572.0,1439.0,0.737,2020 General,11/03/2020,2020
Council District,6,91048.0,31573.0,1322.0,0.743,2020 General,11/03/2020,2020
Council District,7,63514.0,41729.0,1379.0,0.603,2020 General,11/03/2020,2020
Council District,8,52870.0,48057.0,1857.0,0.524,2020 General,11/03/2020,2020
Council District,9,71158.0,44408.0,1648.0,0.616,2020 General,11/03/2020,2020
Council District,10,62271.0,43315.0,1292.0,0.59,2020 General,11/03/2020,2020
Council District,11,58066.0,30328.0,1496.0,0.657,2020 General,11/03/2020,2020
Council District,12,62448.0,37196.0,1615.0,0.627,2020 General,11/03/2020,2020
Council District,13,56113.0,32564.0,1873.0,0.633,2020 General,11/03/2020,2020
Council District,14,42409.0,39732.0,1560.0,0.516,2020 General,11/03/2020,2020
Council District,15,40376.0,39178.0,1612.0,0.508,2020 General,11/03/2020,2020
Council District,16,46497.0,41208.0,1628.0,0.53,2020 General,11/03/2020,2020
Council District,17,45593.0,43499.0,1829.0,0.512,2020 General,11/03/2020,2020
Council District,18,54065.0,42655.0,1728.0,0.559,2020 General,11/03/2020,2020
Council District,19,62447.0,29925.0,1439.0,0.676,2020 General,11/03/2020,2020
Council District,20,37609.0,32297.0,1237.0,0.538,2020 General,11/03/2020,2020
Council District,21,32952.0,26188.0,1141.0,0.557,2020 General,11/03/2020,2020
Council District,22,59151.0,30381.0,1377.0,0.661,2020 General,11/03/2020,2020
Council District,23,64604.0,32200.0,1582.0,0.667,2020 General,11/03/2020,2020
Council District,24,54013.0,32433.0,1688.0,0.625,2020 General,11/03/2020,2020
Council District,25,49372.0,29724.0,1344.0,0.624,2020 General,11/03/2020,2020
Council District,26,62734.0,31974.0,1465.0,0.662,2020 General,11/03/2020,2020
Council District,27,64723.0,39205.0,1416.0,0.623,2020 General,11/03/2020,2020
Council District,28,56183.0,41505.0,1697.0,0.575,2020 General,11/03/2020,2020
Council District,29,62873.0,30242.0,1507.0,0.675,2020 General,11/03/2020,2020
Council District,30,54836.0,30292.0,1560.0,0.644,2020 General,11/03/2020,2020
Council District,31,57774.0,35865.0,1625.0,0.617,2020 General,11/03/2020,2020
Council District,32,58889.0,31838.0,1639.0,0.649,2020 General,11/03/2020,2020
Council District,33,74197.0,41738.0,1715.0,0.64,2020 General,11/03/2020,2020
Council District,34,59255.0,46696.0,1917.0,0.559,2020 General,11/03/2020,2020
Council District,35,77741.0,43379.0,1574.0,0.642,2020 General,11/03/2020,2020
Council District,36,62793.0,46265.0,1569.0,0.576,2020 General,11/03/2020,2020
Council District,37,42752.0,42772.0,1495.0,0.5,2020 General,11/03/2020,2020
Council District,38,37354.0,36001.0,1250.0,0.509,2020 General,11/03/2020,2020
Council District,39,77436.0,31984.0,1353.0,0.708,2020 General,11/03/2020,2020
Council District,40,59813.0,37234.0,1387.0,0.616,2020 General,11/03/2020,2020
Council District,41,52415.0,43305.0,1505.0,0.548,2020 General,11/03/2020,2020
Council District,42,53746.0,44628.0,1582.0,0.546,2020 General,11/03/2020,2020
Council District,43,58991.0,35153.0,1624.0,0.627,2020 General,11/03/2020,2020
Council District,44,41829.0,30263.0,1895.0,0.58,2020 General,11/03/2020,2020
Council District,45,59420.0,39073.0,1523.0,0.603,2020 General,11/03/2020,2020
Council District,46,68405.0,39276.0,1772.0,0.635,2020 General,11/03/2020,2020
Council District,47,45416.0,37667.0,1924.0,0.547,2020 General,11/03/2020,2020
Council District,48,54353.0,37702.0,2413.0,0.59,2020 General,11/03/2020,2020
Council District,49,62713.0,35146.0,1676.0,0.641,2020 General,11/03/2020,2020
Council District,50,73939.0,30435.0,1752.0,0.708,2020 General,11/03/2020,2020
Council District,51,80608.0,29362.0,1796.0,0.733,2020 General,11/03/2020,2020
Council District,1,18459.0,46901.0,38654.0,0.282,2020 Presidential Primary,06/23/2020,2020
Council District,2,20769.0,49601.0,34089.0,0.295,2020 Presidential Primary,06/23/2020,2020
Council District,3,26448.0,52556.0,40935.0,0.335,2020 Presidential Primary,06/23/2020,2020
Council District,4,19107.0,42423.0,50779.0,0.311,2020 Presidential Primary,06/23/2020,2020
Council District,5,21928.0,42417.0,43811.0,0.341,2020 Presidential Primary,06/23/2020,2020
Council District,6,30454.0,54399.0,36985.0,0.359,2020 Presidential Primary,06/23/2020,2020
Council District,7,22022.0,59653.0,23179.0,0.27,2020 Presidential Primary,06/23/2020,2020
Council District,8,15833.0,60439.0,23748.0,0.208,2020 Presidential Primary,06/23/2020,2020
Council District,9,24670.0,66418.0,23431.0,0.271,2020 Presidential Primary,06/23/2020,2020
Council District,10,20083.0,61554.0,23362.0,0.246,2020 Presidential Primary,06/23/2020,2020
Council District,11,19631.0,41197.0,26457.0,0.323,2020 Presidential Primary,06/23/2020,2020
Council District,12,23741.0,53970.0,20928.0,0.306,2020 Presidential Primary,06/23/2020,2020
Council District,13,14133.0,38772.0,34383.0,0.267,2020 Presidential Primary,06/23/2020,2020
Council District,14,12016.0,49920.0,19494.0,0.194,2020 Presidential Primary,06/23/2020,2020
Council District,15,11578.0,47040.0,19927.0,0.198,2020 Presidential Primary,06/23/2020,2020
Council District,16,14864.0,52516.0,19529.0,0.221,2020 Presidential Primary,06/23/2020,2020
Council District,17,13822.0,53733.0,20337.0,0.205,2020 Presidential Primary,06/23/2020,2020
Council District,18,15894.0,56133.0,23716.0,0.221,2020 Presidential Primary,06/23/2020,2020
Council District,19,10752.0,33851.0,46066.0,0.241,2020 Presidential Primary,06/23/2020,2020
Council District,20,7503.0,31130.0,30558.0,0.194,2020 Presidential Primary,06/23/2020,2020
Council District,21,9584.0,31256.0,18007.0,0.235,2020 Presidential Primary,06/23/2020,2020
Council District,22,19299.0,37127.0,31616.0,0.342,2020 Presidential Primary,06/23/2020,2020
Council District,23,12782.0,43632.0,38927.0,0.227,2020 Presidential Primary,06/23/2020,2020
Council District,24,12522.0,39983.0,32723.0,0.238,2020 Presidential Primary,06/23/2020,2020
Council District,25,14085.0,34753.0,29467.0,0.288,2020 Presidential Primary,06/23/2020,2020
Council District,26,19515.0,40777.0,32949.0,0.324,2020 Presidential Primary,06/23/2020,2020
Council District,27,19864.0,60879.0,22016.0,0.246,2020 Presidential Primary,06/23/2020,2020
Council District,28,13628.0,56948.0,26241.0,0.193,2020 Presidential Primary,06/23/2020,2020
Council District,29,14146.0,37722.0,39560.0,0.273,2020 Presidential Primary,06/23/2020,2020
Council District,30,9260.0,32713.0,41501.0,0.221,2020 Presidential Primary,06/23/2020,2020
Council District,31,17437.0,53215.0,21268.0,0.247,2020 Presidential Primary,06/23/2020,2020
Council District,32,9609.0,39782.0,39653.0,0.195,2020 Presidential Primary,06/23/2020,2020
Council District,33,29126.0,53412.0,30293.0,0.353,2020 Presidential Primary,06/23/2020,2020
Council District,34,20606.0,56343.0,26974.0,0.268,2020 Presidential Primary,06/23/2020,2020
Council District,35,33890.0,60437.0,24665.0,0.359,2020 Presidential Primary,06/23/2020,2020
Council District,36,25154.0,61402.0,20751.0,0.291,2020 Presidential Primary,06/23/2020,2020
Council District,37,11712.0,51247.0,21547.0,0.186,2020 Presidential Primary,06/23/2020,2020
Council District,38,10757.0,35286.0,26553.0,0.234,2020 Presidential Primary,06/23/2020,2020
Council District,39,29652.0,49467.0,28889.0,0.375,2020 Presidential Primary,06/23/2020,2020
Council District,40,22668.0,51891.0,21211.0,0.304,2020 Presidential Primary,06/23/2020,2020
Council District,41,16815.0,58974.0,18532.0,0.222,2020 Presidential Primary,06/23/2020,2020
Council District,42,15050.0,62299.0,19669.0,0.195,2020 Presidential Primary,06/23/2020,2020
Council District,43,12210.0,49498.0,30651.0,0.198,2020 Presidential Primary,06/23/2020,2020
Council District,44,5178.0,34213.0,30908.0,0.131,2020 Presidential Primary,06/23/2020,2020
Council District,45,19506.0,54794.0,22901.0,0.263,2020 Presidential Primary,06/23/2020,2020
Council District,46,16041.0,56306.0,33639.0,0.222,2020 Presidential Primary,06/23/2020,2020
Council District,47,6325.0,43143.0,31409.0,0.128,2020 Presidential Primary,06/23/2020,2020
Council District,48,7934.0,34992.0,46431.0,0.185,2020 Presidential Primary,06/23/2020,2020
Council District,49,15905.0,54997.0,25666.0,0.224,2020 Presidential Primary,06/23/2020,2020
Council District,50,15079.0,56525.0,31047.0,0.211,2020 Presidential Primary,06/23/2020,2020
Council District,51,13947.0,61482.0,32319.0,0.185,2020 Presidential Primary,06/23/2020,2020
Council District,83,1.0,,,,2020 Presidential Primary,06/23/2020,2020
Council District,1,16422.0,80600.0,,0.169,2019 General,11/05/2019,2019
Council District,2,18115.0,79487.0,,0.186,2019 General,11/05/2019,2019
Council District,3,22952.0,87956.0,,0.207,2019 General,11/05/2019,2019
Council District,4,19328.0,85917.0,,0.184,2019 General,11/05/2019,2019
Council District,5,21120.0,79080.0,,0.211,2019 General,11/05/2019,2019
Council District,6,28894.0,85369.0,,0.253,2019 General,11/05/2019,2019
Council District,7,19633.0,80739.0,,0.196,2019 General,11/05/2019,2019
Council District,8,12027.0,83698.0,,0.126,2019 General,11/05/2019,2019
Council District,9,21915.0,87051.0,,0.201,2019 General,11/05/2019,2019
Council District,10,16499.0,84381.0,,0.164,2019 General,11/05/2019,2019
Council District,11,15266.0,66887.0,,0.186,2019 General,11/05/2019,2019
Council District,12,16772.0,77312.0,,0.178,2019 General,11/05/2019,2019
Council District,13,12338.0,69763.0,,0.15,2019 General,11/05/2019,2019
Council District,14,8352.0,69644.0,,0.107,2019 General,11/05/2019,2019
Council District,15,8146.0,66445.0,,0.109,2019 General,11/05/2019,2019
Council District,16,10932.0,72301.0,,0.131,2019 General,11/05/2019,2019
Council District,17,9397.0,74335.0,,0.112,2019 General,11/05/2019,2019
Council District,18,11344.0,80007.0,,0.124,2019 General,11/05/2019,2019
Council District,19,16708.0,68685.0,,0.196,2019 General,11/05/2019,2019
Council District,20,8906.0,56687.0,,0.136,2019 General,11/05/2019,2019
Council District,21,7397.0,48741.0,,0.132,2019 General,11/05/2019,2019
Council District,22,16127.0,65702.0,,0.197,2019 General,11/05/2019,2019
Council District,23,16567.0,73756.0,,0.183,2019 General,11/05/2019,2019
Council District,24,13359.0,67435.0,,0.165,2019 General,11/05/2019,2019
Council District,25,12123.0,62166.0,,0.163,2019 General,11/05/2019,2019
Council District,26,17563.0,69253.0,,0.202,2019 General,11/05/2019,2019
Council District,27,17354.0,81241.0,,0.176,2019 General,11/05/2019,2019
Council District,28,12200.0,80544.0,,0.132,2019 General,11/05/2019,2019
Council District,29,16725.0,69393.0,,0.194,2019 General,11/05/2019,2019
Council District,30,13323.0,64939.0,,0.17,2019 General,11/05/2019,2019
Council District,31,15583.0,72330.0,,0.177,2019 General,11/05/2019,2019
Council District,32,15481.0,68922.0,,0.183,2019 General,11/05/2019,2019
Council District,33,18204.0,86794.0,,0.173,2019 General,11/05/2019,2019
Council District,34,13944.0,83126.0,,0.144,2019 General,11/05/2019,2019
Council District,35,25360.0,87175.0,,0.225,2019 General,11/05/2019,2019
Council District,36,18928.0,82758.0,,0.186,2019 General,11/05/2019,2019
Council District,37,9466.0,71070.0,,0.118,2019 General,11/05/2019,2019
Council District,38,9776.0,59576.0,,0.141,2019 General,11/05/2019,2019
Council District,39,27668.0,74702.0,,0.27,2019 General,11/05/2019,2019
Council District,40,18044.0,72961.0,,0.198,2019 General,11/05/2019,2019
Council District,41,13854.0,76901.0,,0.153,2019 General,11/05/2019,2019
Council District,42,14172.0,79584.0,,0.151,2019 General,11/05/2019,2019
Council District,43,14729.0,72791.0,,0.168,2019 General,11/05/2019,2019
Council District,44,7796.0,59467.0,,0.116,2019 General,11/05/2019,2019
Council District,45,16149.0,77342.0,,0.173,2019 General,11/05/2019,2019
Council District,46,17021.0,84726.0,,0.167,2019 General,11/05/2019,2019
Council District,47,8744.0,68016.0,,0.114,2019 General,11/05/2019,2019
Council District,48,10227.0,74106.0,,0.121,2019 General,11/05/2019,2019
Council District,49,17908.0,73489.0,,0.196,2019 General,11/05/2019,2019
Council District,50,19599.0,76297.0,,0.204,2019 General,11/05/2019,2019
Council District,51,20872.0,79615.0,,0.208,2019 General,11/05/2019,2019
Council District,19,5251.0,37613.0,,0.123,2019 Off-Year Primary,06/25/2019,2019
Council District,20,3244.0,33911.0,,0.087,2019 Off-Year Primary,06/25/2019,2019
Council District,21,3770.0,35770.0,,0.095,2019 Off-Year Primary,06/25/2019,2019
Council District,22,8942.0,43851.0,,0.169,2019 Off-Year Primary,06/25/2019,2019
Council District,23,5979.0,48198.0,,0.11,2019 Off-Year Primary,06/25/2019,2019
Council District,24,6386.0,43863.0,,0.127,2019 Off-Year Primary,06/25/2019,2019
Council District,25,6703.0,40014.0,,0.143,2019 Off-Year Primary,06/25/2019,2019
Council District,26,9344.0,47065.0,,0.166,2019 Off-Year Primary,06/25/2019,2019
Council District,27,8363.0,69962.0,,0.107,2019 Off-Year Primary,06/25/2019,2019
Council District,28,5280.0,63211.0,,0.077,2019 Off-Year Primary,06/25/2019,2019
Council District,29,8212.0,41413.0,,0.165,2019 Off-Year Primary,06/25/2019,2019
Council District,30,3998.0,36171.0,,0.1,2019 Off-Year Primary,06/25/2019,2019
Council District,31,6864.0,61465.0,,0.1,2019 Off-Year Primary,06/25/2019,2019
Council District,32,4585.0,43208.0,,0.096,2019 Off-Year Primary,06/25/2019,2019
Council District,34,1034.0,9319.0,,0.1,2019 Off-Year Primary,06/25/2019,2019
Council District,45,9239.0,62376.0,,0.129,2019 Off-Year Primary,06/25/2019,2019
Council District,1,49599.0,49193.0,,0.502,2018 General,11/06/2018,2018
Council District,2,54143.0,46814.0,,0.536,2018 General,11/06/2018,2018
Council District,3,66579.0,48090.0,,0.581,2018 General,11/06/2018,2018
Council District,4,61739.0,46515.0,,0.57,2018 General,11/06/2018,2018
Council District,5,62295.0,41783.0,,0.599,2018 General,11/06/2018,2018
Council District,6,75568.0,42009.0,,0.643,2018 General,11/06/2018,2018
Council District,7,51282.0,51225.0,,0.5,2018 General,11/06/2018,2018
Council District,8,36855.0,58781.0,,0.385,2018 General,11/06/2018,2018
Council District,9,55683.0,54657.0,,0.505,2018 General,11/06/2018,2018
Council District,10,47487.0,54916.0,,0.464,2018 General,11/06/2018,2018
Council District,11,41164.0,41851.0,,0.496,2018 General,11/06/2018,2018
Council District,12,46041.0,48175.0,,0.489,2018 General,11/06/2018,2018
Council District,13,36552.0,46225.0,,0.442,2018 General,11/06/2018,2018
Council District,14,28979.0,48925.0,,0.372,2018 General,11/06/2018,2018
Council District,15,26595.0,47714.0,,0.358,2018 General,11/06/2018,2018
Council District,16,31920.0,51096.0,,0.385,2018 General,11/06/2018,2018
Council District,17,30206.0,52630.0,,0.365,2018 General,11/06/2018,2018
Council District,18,35844.0,55862.0,,0.391,2018 General,11/06/2018,2018
Council District,19,39827.0,46453.0,,0.462,2018 General,11/06/2018,2018
Council District,20,21957.0,43617.0,,0.335,2018 General,11/06/2018,2018
Council District,21,20945.0,35048.0,,0.374,2018 General,11/06/2018,2018
Council District,22,40172.0,43500.0,,0.48,2018 General,11/06/2018,2018
Council District,23,40848.0,50511.0,,0.447,2018 General,11/06/2018,2018
Council District,24,31873.0,49305.0,,0.393,2018 General,11/06/2018,2018
Council District,25,30501.0,43595.0,,0.412,2018 General,11/06/2018,2018
Council District,26,42533.0,45501.0,,0.483,2018 General,11/06/2018,2018
Council District,27,45393.0,52998.0,,0.461,2018 General,11/06/2018,2018
Council District,28,35025.0,57827.0,,0.377,2018 General,11/06/2018,2018
Council District,29,38937.0,47888.0,,0.448,2018 General,11/06/2018,2018
Council District,30,32328.0,46282.0,,0.411,2018 General,11/06/2018,2018
Council District,31,41368.0,46614.0,,0.47,2018 General,11/06/2018,2018
Council District,32,36240.0,48280.0,,0.429,2018 General,11/06/2018,2018
Council District,33,51759.0,55159.0,,0.484,2018 General,11/06/2018,2018
Council District,34,42618.0,55547.0,,0.434,2018 General,11/06/2018,2018
Council District,35,61622.0,52792.0,,0.539,2018 General,11/06/2018,2018
Council District,36,48454.0,54481.0,,0.471,2018 General,11/06/2018,2018
Council District,37,29118.0,51582.0,,0.361,2018 General,11/06/2018,2018
Council District,38,25236.0,44348.0,,0.363,2018 General,11/06/2018,2018
Council District,39,62057.0,43299.0,,0.589,2018 General,11/06/2018,2018
Council District,40,44598.0,46668.0,,0.489,2018 General,11/06/2018,2018
Council District,41,38409.0,52065.0,,0.425,2018 General,11/06/2018,2018
Council District,42,38337.0,54746.0,,0.412,2018 General,11/06/2018,2018
Council District,43,40950.0,47416.0,,0.463,2018 General,11/06/2018,2018
Council District,44,23298.0,44259.0,,0.345,2018 General,11/06/2018,2018
Council District,45,41957.0,51532.0,,0.449,2018 General,11/06/2018,2018
Council District,46,47520.0,54190.0,,0.467,2018 General,11/06/2018,2018
Council District,47,26100.0,50658.0,,0.34,2018 General,11/06/2018,2018
Council District,48,29766.0,54749.0,,0.352,2018 General,11/06/2018,2018
Council District,49,44359.0,47442.0,,0.483,2018 General,11/06/2018,2018
Council District,50,47312.0,50108.0,,0.486,2018 General,11/06/2018,2018
Council District,51,48923.0,53621.0,,0.477,2018 General,11/06/2018,2018
Council District,1,19736.0,40528.0,,0.327,2018 State Primary,09/13/2018,2018
Council District,2,23403.0,43665.0,,0.349,2018 State Primary,09/13/2018,2018
Council District,3,28077.0,45257.0,,0.383,2018 State Primary,09/13/2018,2018
Council District,4,21036.0,39043.0,,0.35,2018 State Primary,09/13/2018,2018
Council District,5,23106.0,39178.0,,0.371,2018 State Primary,09/13/2018,2018
Council District,6,36817.0,43054.0,,0.461,2018 State Primary,09/13/2018,2018
Council District,7,27389.0,51644.0,,0.347,2018 State Primary,09/13/2018,2018
Council District,8,17250.0,56625.0,,0.234,2018 State Primary,09/13/2018,2018
Council District,9,28918.0,58799.0,,0.33,2018 State Primary,09/13/2018,2018
Council District,10,25099.0,54244.0,,0.316,2018 State Primary,09/13/2018,2018
Council District,11,19505.0,39393.0,,0.331,2018 State Primary,09/13/2018,2018
Council District,12,23625.0,52402.0,,0.311,2018 State Primary,09/13/2018,2018
Council District,13,14172.0,36909.0,,0.277,2018 State Primary,09/13/2018,2018
Council District,14,11938.0,48798.0,,0.197,2018 State Primary,09/13/2018,2018
Council District,15,11388.0,45558.0,,0.2,2018 State Primary,09/13/2018,2018
Council District,16,14267.0,51616.0,,0.217,2018 State Primary,09/13/2018,2018
Council District,17,13473.0,51975.0,,0.206,2018 State Primary,09/13/2018,2018
Council District,18,16476.0,54059.0,,0.234,2018 State Primary,09/13/2018,2018
Council District,19,13011.0,47428.0,,0.215,2018 State Primary,09/13/2018,2018
Council District,20,7501.0,31942.0,,0.19,2018 State Primary,09/13/2018,2018
Council District,21,10071.0,29693.0,,0.253,2018 State Primary,09/13/2018,2018
Council District,22,15198.0,37485.0,,0.288,2018 State Primary,09/13/2018,2018
Council District,23,14671.0,48680.0,,0.232,2018 State Primary,09/13/2018,2018
Council District,24,11452.0,43300.0,,0.209,2018 State Primary,09/13/2018,2018
Council District,25,12528.0,33810.0,,0.27,2018 State Primary,09/13/2018,2018
Council District,26,16617.0,39552.0,,0.296,2018 State Primary,09/13/2018,2018
Council District,27,22407.0,56533.0,,0.284,2018 State Primary,09/13/2018,2018
Council District,28,14915.0,54219.0,,0.216,2018 State Primary,09/13/2018,2018
Council District,29,13644.0,42077.0,,0.245,2018 State Primary,09/13/2018,2018
Council District,30,10335.0,43399.0,,0.192,2018 State Primary,09/13/2018,2018
Council District,31,18604.0,51244.0,,0.266,2018 State Primary,09/13/2018,2018
Council District,32,12229.0,49184.0,,0.199,2018 State Primary,09/13/2018,2018
Council District,33,25189.0,51028.0,,0.33,2018 State Primary,09/13/2018,2018
Council District,34,20233.0,50864.0,,0.285,2018 State Primary,09/13/2018,2018
Council District,35,34608.0,54177.0,,0.39,2018 State Primary,09/13/2018,2018
Council District,36,25237.0,56331.0,,0.309,2018 State Primary,09/13/2018,2018
Council District,37,13278.0,46568.0,,0.222,2018 State Primary,09/13/2018,2018
Council District,38,11183.0,32831.0,,0.254,2018 State Primary,09/13/2018,2018
Council District,39,33896.0,40899.0,,0.453,2018 State Primary,09/13/2018,2018
Council District,40,23861.0,47478.0,,0.334,2018 State Primary,09/13/2018,2018
Council District,41,19821.0,53423.0,,0.271,2018 State Primary,09/13/2018,2018
Council District,42,19699.0,55531.0,,0.262,2018 State Primary,09/13/2018,2018
Council District,43,11049.0,33012.0,,0.251,2018 State Primary,09/13/2018,2018
Council District,44,11079.0,26752.0,,0.293,2018 State Primary,09/13/2018,2018
Council District,45,21542.0,49969.0,,0.301,2018 State Primary,09/13/2018,2018
Council District,46,18974.0,51399.0,,0.27,2018 State Primary,09/13/2018,2018
Council District,47,7393.0,34547.0,,0.176,2018 State Primary,09/13/2018,2018
Council District,48,8210.0,31252.0,,0.208,2018 State Primary,09/13/2018,2018
Council District,49,14448.0,40332.0,,0.264,2018 State Primary,09/13/2018,2018
Council District,50,7822.0,33938.0,,0.187,2018 State Primary,09/13/2018,2018
Council District,51,10425.0,55027.0,,0.159,2018 State Primary,09/13/2018,2018
Council District,1,1260.0,7204.0,,0.149,2018 Federal Primary,06/26/2018,2018
Council District,2,8791.0,42401.0,,0.172,2018 Federal Primary,06/26/2018,2018
Council District,3,2113.0,13063.0,,0.139,2018 Federal Primary,06/26/2018,2018
Council District,4,9678.0,46472.0,,0.172,2018 Federal Primary,06/26/2018,2018
Council District,5,11047.0,46358.0,,0.192,2018 Federal Primary,06/26/2018,2018
Council District,6,0.0,0.0,,,2018 Federal Primary,06/26/2018,2018
Council District,7,0.0,0.0,,,2018 Federal Primary,06/26/2018,2018
Council District,8,7.0,147.0,,0.045,2018 Federal Primary,06/26/2018,2018
Council District,9,0.0,1.0,,0.0,2018 Federal Primary,06/26/2018,2018
Council District,10,0.0,0.0,,,2018 Federal Primary,06/26/2018,2018
Council District,11,4545.0,24632.0,,0.156,2018 Federal Primary,06/26/2018,2018
Council District,12,7518.0,67934.0,,0.1,2018 Federal Primary,06/26/2018,2018
Council District,13,5499.0,45153.0,,0.109,2018 Federal Primary,06/26/2018,2018
Council District,14,0.0,7.0,,0.0,2018 Federal Primary,06/26/2018,2018
Council District,15,995.0,10602.0,,0.086,2018 Federal Primary,06/26/2018,2018
Council District,16,0.0,12.0,,0.0,2018 Federal Primary,06/26/2018,2018
Council District,17,2.0,13.0,,0.133,2018 Federal Primary,06/26/2018,2018
Council District,18,2224.0,16780.0,,0.117,2018 Federal Primary,06/26/2018,2018
Council District,19,506.0,5985.0,,0.078,2018 Federal Primary,06/26/2018,2018
Council District,20,0.0,0.0,,,2018 Federal Primary,06/26/2018,2018
Council District,21,4311.0,35003.0,,0.11,2018 Federal Primary,06/26/2018,2018
Council District,22,7916.0,44010.0,,0.152,2018 Federal Primary,06/26/2018,2018
Council District,23,759.0,18189.0,,0.04,2018 Federal Primary,06/26/2018,2018
Council District,24,449.0,10383.0,,0.041,2018 Federal Primary,06/26/2018,2018
Council District,25,5335.0,24651.0,,0.178,2018 Federal Primary,06/26/2018,2018
Council District,26,9140.0,45549.0,,0.167,2018 Federal Primary,06/26/2018,2018
Council District,27,4203.0,73787.0,,0.054,2018 Federal Primary,06/26/2018,2018
Council District,28,2489.0,66121.0,,0.036,2018 Federal Primary,06/26/2018,2018
Council District,29,92.0,4033.0,,0.022,2018 Federal Primary,06/26/2018,2018
Council District,30,214.0,1478.0,,0.126,2018 Federal Primary,06/26/2018,2018
Council District,31,3461.0,64669.0,,0.051,2018 Federal Primary,06/26/2018,2018
Council District,32,1007.0,17238.0,,0.055,2018 Federal Primary,06/26/2018,2018
Council District,33,3056.0,17565.0,,0.148,2018 Federal Primary,06/26/2018,2018
Council District,34,1390.0,8555.0,,0.14,2018 Federal Primary,06/26/2018,2018
Council District,35,6138.0,41529.0,,0.129,2018 Federal Primary,06/26/2018,2018
Council District,36,1326.0,13953.0,,0.087,2018 Federal Primary,06/26/2018,2018
Council District,37,0.0,9.0,,0.0,2018 Federal Primary,06/26/2018,2018
Council District,38,239.0,1200.0,,0.166,2018 Federal Primary,06/26/2018,2018
Council District,39,6127.0,23931.0,,0.204,2018 Federal Primary,06/26/2018,2018
Council District,40,7204.0,60156.0,,0.107,2018 Federal Primary,06/26/2018,2018
Council District,41,2667.0,45961.0,,0.055,2018 Federal Primary,06/26/2018,2018
Council District,42,491.0,8488.0,,0.055,2018 Federal Primary,06/26/2018,2018
Council District,43,7202.0,45381.0,,0.137,2018 Federal Primary,06/26/2018,2018
Council District,44,391.0,7700.0,,0.048,2018 Federal Primary,06/26/2018,2018
Council District,45,4246.0,58675.0,,0.067,2018 Federal Primary,06/26/2018,2018
Council District,46,441.0,9011.0,,0.047,2018 Federal Primary,06/26/2018,2018
Council District,47,1498.0,22804.0,,0.062,2018 Federal Primary,06/26/2018,2018
Council District,48,1457.0,28239.0,,0.049,2018 Federal Primary,06/26/2018,2018
Council District,49,9508.0,59497.0,,0.138,2018 Federal Primary,06/26/2018,2018
Council District,50,11041.0,59533.0,,0.156,2018 Federal Primary,06/26/2018,2018
Council District,51,11240.0,64121.0,,0.149,2018 Federal Primary,06/26/2018,2018
Council District,1,24270.0,72266.0,787.0,0.251,2017 General,11/07/2017,2017
Council District,2,25477.0,74476.0,751.0,0.255,2017 General,11/07/2017,2017
Council District,3,29673.0,82443.0,980.0,0.265,2017 General,11/07/2017,2017
Council District,4,29345.0,78029.0,782.0,0.273,2017 General,11/07/2017,2017
Council District,5,30787.0,71717.0,852.0,0.3,2017 General,11/07/2017,2017
Council District,6,38272.0,79069.0,725.0,0.326,2017 General,11/07/2017,2017
Council District,7,26157.0,76204.0,694.0,0.256,2017 General,11/07/2017,2017
Council District,8,17408.0,78304.0,588.0,0.182,2017 General,11/07/2017,2017
Council District,9,29263.0,80947.0,681.0,0.266,2017 General,11/07/2017,2017
Council District,10,23482.0,78597.0,613.0,0.23,2017 General,11/07/2017,2017
Council District,11,22533.0,60581.0,547.0,0.271,2017 General,11/07/2017,2017
Council District,12,25464.0,68825.0,522.0,0.27,2017 General,11/07/2017,2017
Council District,13,22723.0,59382.0,533.0,0.277,2017 General,11/07/2017,2017
Council District,14,12612.0,65821.0,460.0,0.161,2017 General,11/07/2017,2017
Council District,15,11895.0,63355.0,499.0,0.158,2017 General,11/07/2017,2017
Council District,16,15223.0,68374.0,501.0,0.182,2017 General,11/07/2017,2017
Council District,17,13877.0,68970.0,488.0,0.168,2017 General,11/07/2017,2017
Council District,18,17612.0,73731.0,553.0,0.193,2017 General,11/07/2017,2017
Council District,19,27069.0,58857.0,540.0,0.315,2017 General,11/07/2017,2017
Council District,20,12132.0,53249.0,385.0,0.186,2017 General,11/07/2017,2017
Council District,21,8623.0,46877.0,351.0,0.155,2017 General,11/07/2017,2017
Council District,22,20928.0,60049.0,680.0,0.258,2017 General,11/07/2017,2017
Council District,23,25026.0,65336.0,517.0,0.277,2017 General,11/07/2017,2017
Council District,24,17439.0,63322.0,452.0,0.216,2017 General,11/07/2017,2017
Council District,25,14927.0,57834.0,470.0,0.205,2017 General,11/07/2017,2017
Council District,26,21288.0,62532.0,662.0,0.254,2017 General,11/07/2017,2017
Council District,27,25745.0,71394.0,443.0,0.265,2017 General,11/07/2017,2017
Council District,28,17995.0,74086.0,399.0,0.195,2017 General,11/07/2017,2017
Council District,29,20488.0,65280.0,476.0,0.239,2017 General,11/07/2017,2017
Council District,30,20904.0,56718.0,512.0,0.269,2017 General,11/07/2017,2017
Council District,31,22502.0,64687.0,447.0,0.258,2017 General,11/07/2017,2017
Council District,32,24001.0,58869.0,522.0,0.29,2017 General,11/07/2017,2017
Council District,33,22348.0,80712.0,605.0,0.217,2017 General,11/07/2017,2017
Council District,34,18642.0,76472.0,709.0,0.196,2017 General,11/07/2017,2017
Council District,35,33522.0,77460.0,609.0,0.302,2017 General,11/07/2017,2017
Council District,36,23594.0,76777.0,620.0,0.235,2017 General,11/07/2017,2017
Council District,37,12524.0,66871.0,504.0,0.158,2017 General,11/07/2017,2017
Council District,38,13469.0,55888.0,368.0,0.194,2017 General,11/07/2017,2017
Council District,39,35281.0,68261.0,614.0,0.341,2017 General,11/07/2017,2017
Council District,40,25033.0,64342.0,509.0,0.28,2017 General,11/07/2017,2017
Council District,41,19623.0,70819.0,479.0,0.217,2017 General,11/07/2017,2017
Council District,42,20970.0,71881.0,419.0,0.226,2017 General,11/07/2017,2017
Council District,43,26112.0,61959.0,497.0,0.296,2017 General,11/07/2017,2017
Council District,44,18090.0,49541.0,532.0,0.267,2017 General,11/07/2017,2017
Council District,45,23644.0,69773.0,365.0,0.253,2017 General,11/07/2017,2017
Council District,46,28757.0,72308.0,421.0,0.285,2017 General,11/07/2017,2017
Council District,47,14620.0,62524.0,403.0,0.19,2017 General,11/07/2017,2017
Council District,48,17885.0,66946.0,348.0,0.211,2017 General,11/07/2017,2017
Council District,49,27169.0,63597.0,548.0,0.299,2017 General,11/07/2017,2017
Council District,50,34316.0,62709.0,572.0,0.354,2017 General,11/07/2017,2017
Council District,51,38061.0,63216.0,635.0,0.376,2017 General,11/07/2017,2017
Council District,1,11433.0,51767.0,34123.0,0.181,2017 City Primary,09/12/2017,2017
Council District,2,13101.0,54440.0,33163.0,0.194,2017 City Primary,09/12/2017,2017
Council District,3,11031.0,63042.0,39023.0,0.149,2017 City Primary,09/12/2017,2017
Council District,4,10517.0,46965.0,50674.0,0.183,2017 City Primary,09/12/2017,2017
Council District,5,10127.0,49165.0,44064.0,0.171,2017 City Primary,09/12/2017,2017
Council District,6,20197.0,60946.0,36923.0,0.249,2017 City Primary,09/12/2017,2017
Council District,7,12522.0,68548.0,21985.0,0.154,2017 City Primary,09/12/2017,2017
Council District,8,9483.0,66449.0,20368.0,0.125,2017 City Primary,09/12/2017,2017
Council District,9,15008.0,75052.0,20831.0,0.167,2017 City Primary,09/12/2017,2017
Council District,10,12110.0,68413.0,22169.0,0.15,2017 City Primary,09/12/2017,2017
Council District,11,7872.0,52048.0,23741.0,0.131,2017 City Primary,09/12/2017,2017
Council District,12,11828.0,65864.0,17119.0,0.152,2017 City Primary,09/12/2017,2017
Council District,13,9044.0,42280.0,31314.0,0.176,2017 City Primary,09/12/2017,2017
Council District,14,7310.0,55213.0,16370.0,0.117,2017 City Primary,09/12/2017,2017
Council District,15,5172.0,53970.0,16607.0,0.087,2017 City Primary,09/12/2017,2017
Council District,16,6973.0,61092.0,16033.0,0.102,2017 City Primary,09/12/2017,2017
Council District,17,7083.0,59883.0,16369.0,0.106,2017 City Primary,09/12/2017,2017
Council District,18,9409.0,62455.0,20032.0,0.131,2017 City Primary,09/12/2017,2017
Council District,19,5593.0,38215.0,42658.0,0.128,2017 City Primary,09/12/2017,2017
Council District,20,6553.0,31810.0,27403.0,0.171,2017 City Primary,09/12/2017,2017
Council District,21,6634.0,33813.0,15404.0,0.164,2017 City Primary,09/12/2017,2017
Council District,22,5541.0,46506.0,29610.0,0.106,2017 City Primary,09/12/2017,2017
Council District,23,6160.0,49042.0,35677.0,0.112,2017 City Primary,09/12/2017,2017
Council District,24,6341.0,44934.0,29938.0,0.124,2017 City Primary,09/12/2017,2017
Council District,25,5429.0,40947.0,26855.0,0.117,2017 City Primary,09/12/2017,2017
Council District,26,4643.0,49890.0,29949.0,0.085,2017 City Primary,09/12/2017,2017
Council District,27,10477.0,68926.0,18179.0,0.132,2017 City Primary,09/12/2017,2017
Council District,28,8870.0,61414.0,22196.0,0.126,2017 City Primary,09/12/2017,2017
Council District,29,5558.0,44086.0,36600.0,0.112,2017 City Primary,09/12/2017,2017
Council District,30,3543.0,36659.0,37932.0,0.088,2017 City Primary,09/12/2017,2017
Council District,31,7440.0,62265.0,17931.0,0.107,2017 City Primary,09/12/2017,2017
Council District,32,5541.0,42418.0,35433.0,0.116,2017 City Primary,09/12/2017,2017
Council District,33,10688.0,64502.0,28475.0,0.142,2017 City Primary,09/12/2017,2017
Council District,34,10625.0,60661.0,24537.0,0.149,2017 City Primary,09/12/2017,2017
Council District,35,19274.0,68645.0,23672.0,0.219,2017 City Primary,09/12/2017,2017
Council District,36,11526.0,70505.0,18960.0,0.141,2017 City Primary,09/12/2017,2017
Council District,37,6001.0,54943.0,18955.0,0.098,2017 City Primary,09/12/2017,2017
Council District,38,8454.0,36294.0,24977.0,0.189,2017 City Primary,09/12/2017,2017
Council District,39,16326.0,57951.0,29879.0,0.22,2017 City Primary,09/12/2017,2017
Council District,40,13892.0,56545.0,19447.0,0.197,2017 City Primary,09/12/2017,2017
Council District,41,11280.0,63499.0,16142.0,0.151,2017 City Primary,09/12/2017,2017
Council District,42,10056.0,66436.0,16778.0,0.131,2017 City Primary,09/12/2017,2017
Council District,43,13531.0,49027.0,26010.0,0.216,2017 City Primary,09/12/2017,2017
Council District,44,3316.0,34818.0,30029.0,0.087,2017 City Primary,09/12/2017,2017
Council District,45,10378.0,62161.0,21243.0,0.143,2017 City Primary,09/12/2017,2017
Council District,46,9430.0,61674.0,30382.0,0.133,2017 City Primary,09/12/2017,2017
Council District,47,4051.0,39125.0,34371.0,0.094,2017 City Primary,09/12/2017,2017
Council District,48,5362.0,35369.0,44448.0,0.132,2017 City Primary,09/12/2017,2017
Council District,49,8512.0,46563.0,36239.0,0.155,2017 City Primary,09/12/2017,2017
Council District,50,3376.0,34611.0,59610.0,0.089,2017 City Primary,09/12/2017,2017
Council District,51,2660.0,30378.0,68874.0,0.081,2017 City Primary,09/12/2017,2017
